model_name,patient_id,params,flops,f1,precision,recall,training_time
Baseline_CNN1D,chb01,151778,12.68M,0.5276073619631901,0.3644067796610169,0.9555555555555556,36.408045291900635
Baseline_CNN1D,chb01,151778,12.68M,0.5276073619631901,0.3644067796610169,0.9555555555555556,36.346707820892334
Baseline_CNN_LSTM,chb01,48738,7.41M,0.2265193370165746,0.12933753943217666,0.9111111111111111,32.06403970718384
Baseline_Transformer,chb01,113986,0.95M,0.3916083916083916,0.24778761061946902,0.9333333333333333,32.6378128528595
Baseline_DeepCNN,chb01,587874,24.41M,0.11748998664886515,0.0625,0.9777777777777777,59.518919229507446
Baseline_CNN1D,chb01,151778,0,0.5276073619631901,0.3644067796610169,0.9555555555555556,0
